<?xml version="1.0" encoding="UTF-8"?>
<Element>

<page name="Login_Page">
<uiobject name="user_id" type="xpath">//input[@id='userID']</uiobject>
<uiobject name="password" type="xpath">//input[@id='password']</uiobject>
<uiobject name="login_button" type="xpath">//input[@value='Log in']</uiobject>


</page>

<page name="Customer_Search_Page">
<uiobject name="search_App" type="xpath">//input[contains(@id,'searchapplicationsbutton')]</uiobject>
<uiobject name="App_ref" type="xpath">//input[contains(@id,'applicationreferencetextfield')]</uiobject>
<uiobject name="search" type="xpath">//input[contains(@id,'search-application-button')]</uiobject>
<uiobject name="title" type="xpath">//select[contains(@id,'titledropdown-option')]</uiobject>
<uiobject name="first_name" type="xpath">//input[contains(@id,'firstnamedetails-field')]</uiobject>
<uiobject name="last_name" type="xpath">//input[contains(@id,'lastnamedetails-field')]</uiobject>
<uiobject name="date" type="xpath">//input[contains(@id,'date-field')]</uiobject>
<uiobject name="month" type="xpath">//input[contains(@id,'month-fieldd')]</uiobject>
<uiobject name="year" type="xpath">//input[contains(@id,'year-field')]</uiobject>
<uiobject name="gender" type="xpath">//input[contains(@id,'genderradiobutton-option_1')]</uiobject>
<uiobject name="application_search" type="xpath">//input[contains(@id,'search-applicant-nav-button-enable')]</uiobject>
<uiobject name="non_of_the_above_rad_button" type="xpath">//input[contains(@id,'non-of-the-above-radiobutton-two-option-2')]</uiobject>
<uiobject name="confirm" type="xpath">//input[contains(@id,'confirmbutton-nav-enable2')]</uiobject>
</page>

<page name="ADD_Customer_Page">
<uiobject name="home_telephone_intl" type="xpath">//input[contains(@id,'homeTelephoneIntl-field')]</uiobject>
<uiobject name="home_telephone_std" type="xpath">//input[contains(@id,'homeTelephoneStd-field')]</uiobject>
<uiobject name="home_telephone_number" type="xpath">//input[contains(@id,'homeTelephoneNumber-field')]</uiobject>
<uiobject name="mobile_telephone_intl" type="xpath">//input[contains(@id,'mobileNumberIntl-field')]</uiobject>
<uiobject name="mobile_telephone_std" type="xpath">//input[contains(@id,'mobileNumberStd-field')]</uiobject>
<uiobject name="mobile_telephone_number" type="xpath">//input[contains(@id,'mobileNumberNumber-field')]</uiobject>
<uiobject name="email" type="xpath">//input[contains(@id,'emailaddressdetails-field')]</uiobject>
<uiobject name="postcode" type="xpath">//input[contains(@id,':gad_address:ukMainland-postcode')]</uiobject>
<uiobject name="find_address" type="xpath">//input[contains(@id,'gad_address:fe-current-findaddress-nav')]</uiobject>
<uiobject name="address_list_box" type="xpath">//select[contains(@id,'gad_address:addresslistbox-option')]</uiobject>
<uiobject name="years_at_currentaddress" type="xpath">//select[contains(@id,'applicat:yearsAtCurrentAddress')]</uiobject>
<uiobject name="months_at_currentaddress" type="xpath">//select[contains(@id,'applicat:months')]</uiobject>
<uiobject name="save" type="xpath">//input[contains(@id,'savebutton-nav')]</uiobject>
</page>

<page name="Agent_Gateway_Page">
<uiobject name="Add_Applicant" type="xpath">//input[contains(@id,'addapplicantbutton')]</uiobject>
<uiobject name="DIP_Button" type="xpath">//input[contains(@id,'dipbutton-nav')]</uiobject>
</page>

<page name="Present_at_Interview">
<uiobject name="presentradiobutton_Yes" type="xpath">//input[contains(@id,'presentradiobutton-option_1')]</uiobject>
<uiobject name="Save_Button" type="xpath">//input[contains(@id,'save-button-enable')]</uiobject>
<uiobject name="Joint_applicant_access" type="xpath">//input[contains(@id,'present_at_interview_form:agree-radioButton_1')]</uiobject>
</page>

<page name="Before_Your_Start_Page">
<uiobject name="Triage_Response_1" type="xpath">//input[contains(@id,'triage-responsefield_1')]</uiobject>
<uiobject name="captcha" type="xpath">//div/img</uiobject>
<uiobject name="captcha_text" type="xpath">//input[contains(@id,'captchaInput')]</uiobject>
<uiobject name="Continue_App" type="xpath">//input[contains(@name,'continueApplication')]</uiobject>
</page>

<page name="What_would_you_like_to_do_Page">
<uiobject name="manage_flow" type="xpath">//input[contains(@id,'manageFlow')]</uiobject>
<uiobject name="residential" type="xpath">//input[contains(@id,'mortgagetype-option_1')]</uiobject>
<uiobject name="BTL" type="xpath">//input[contains(@id,'mortgagetype-option_2')]</uiobject>
<uiobject name="residencetype_mainhome" type="xpath">//input[contains(@id,'residencetype-option_1')]</uiobject>
<uiobject name="residencetype_additionalproperty" type="xpath">//input[contains(@id,'residencetype-option_2')]</uiobject>
<uiobject name="borrow_more" type="xpath">//input[contains(@id,'buyerTypeCheckbox_1')]</uiobject>
<uiobject name="term_change" type="xpath">//input[contains(@id,'buyerTypeCheckbox_2')]</uiobject>
<uiobject name="change_owner" type="xpath">//input[contains(@id,'buyerTypeCheckbox_3')]</uiobject>
<uiobject name="borrow_more_BTL" type="xpath">//input[contains(@id,'buyerTypeCheckbox_3_BTL_1')]</uiobject>
<uiobject name="term_change_BTL" type="xpath">//input[contains(@id,'buyerTypeCheckbox_3_BTL_2')]</uiobject>
<uiobject name="change_owner_BTL" type="xpath">//input[contains(@id,'buyerTypeCheckbox_3_BTL_3')]</uiobject>
<uiobject name="manage_flow_conf" type="xpath">//span[text()='Are you changing an existing HSBC mortgage?']/../../..//input[contains(@id,'yesbutton-navManageFlow')]</uiobject>
<uiobject name="borrowmore_debtconsole_No" type="xpath">//input[contains(@id,'consolidatedebt-option_1')]</uiobject>
<uiobject name="borrowmore_debtconsole_yes" type="xpath">//input[contains(@id,'consolidatedebt-option_2')]</uiobject>
<uiobject name="shareowner_no" type="xpath">//input[contains(@id,'shareOwnerScheme-option_1')]</uiobject>
<uiobject name="shareowner_yes" type="xpath">//input[contains(@id,'shareOwnerScheme-option_2')]</uiobject>
<uiobject name="continue_existing" type="xpath">//input[contains(@id,'continue-button-first')]</uiobject>
<uiobject name="change_details_both" type="xpath">//input[contains(@id,'changeDetails-option_3')]</uiobject>
<uiobject name="name_change_no" type="xpath">//input[contains(@id,'nameChange-option_1')]</uiobject>
<uiobject name="property_option1" type="xpath">//input[contains(@id,'propertytype-option_1')]</uiobject>
<uiobject name="property_option2" type="xpath">//input[contains(@id,'propertytype-option_2')]</uiobject>
<uiobject name="property_option3" type="xpath">//input[contains(@id,'propertytype-option_3')]</uiobject>
<uiobject name="buyertype_mainhome" type="xpath">//select[contains(@id,'buyertypeMainHome-option')]</uiobject>
<uiobject name="buyertype_secondhome" type="xpath">//select[contains(@id,'buyertypeSecondHome-option')]</uiobject>
<uiobject name="buyertype_BTL_mainhome" type="xpath">//select[contains(@id,'buyertypeBTL-option')]</uiobject>
<uiobject name="debtConsolidationMainHome_Yes" type="xpath">//input[contains(@id,'debtConsolidationMainHome-option_2')]</uiobject>
<uiobject name="debtConsolidationMainHome_No" type="xpath">//input[contains(@id,'debtConsolidationMainHome-option_1')]</uiobject>
<uiobject name="debtConsolidationSecondHome_Yes" type="xpath">//input[contains(@id,'debtConsolidationSecondHome-option_2')]</uiobject>
<uiobject name="debtConsolidationSecondHome_No" type="xpath">//input[contains(@id,'debtConsolidationSecondHome-option_1')]</uiobject>
<uiobject name="way_to_cover_mortgage" type="xpath">//input[contains(@id,'waysToCoverMortgage_F_S-option_1')]</uiobject>
<uiobject name="way_to_cover_mortgage_transfer_borrowmore" type="xpath">//input[contains(@id,'waysToCoverMortgage_T-option_1')]</uiobject>
<uiobject name="way_to_cover_mortgage_transfer_manageflow" type="xpath">//input[contains(@id,'waysToCoverMortgage-option_1')]</uiobject>
<uiobject name="intend_to_occupy_property" type="xpath">//input[contains(@id,'intendToOccupyProperty_FS-option_1')]</uiobject>
<uiobject name="intend_to_occupy_property_Yes" type="xpath">//input[contains(@id,'intendToOccupyProperty_FS-option_2')]</uiobject>
<uiobject name="intend_to_occupy_property_transfer_borrowmore" type="xpath">//input[contains(@id,'intendToOccupyProperty_T-option_1')]</uiobject>
<uiobject name="intend_to_occupy_property_transfer_manageflow" type="xpath">//input[contains(@id,'intendToOccupyProperty_BTL-option_1')]</uiobject>
<uiobject name="own_other_BTL_No_manageflow" type="xpath">//input[contains(@id,'occupiedInLastFiveYrs_BTL-option_1')]</uiobject>
<uiobject name="Right_to_buy_no" type="xpath">//input[contains(@id,'RightToBuyScheme-option_1')]</uiobject>
<uiobject name="Right_to_buy_yes" type="xpath">//input[contains(@id,'RightToBuyScheme-option_2')]</uiobject>
<uiobject name="own_other_BTL_No" type="xpath">//input[contains(@id,'occupiedInLastFiveYrs_T-option_1')]</uiobject>
<uiobject name="inheritedInLastFiveYrs" type="xpath">//input[contains(@id,'inheritedInLastFiveYrs_T-option_1')]</uiobject>
<uiobject name="inheritedInLastFiveYrs_manageflow" type="xpath">//input[contains(@id,'inheritedInLastFiveYrs_BTL-option_1')]</uiobject>
<uiobject name="Let_out_for_business_No_manageflow" type="xpath">//input[contains(@id,'letOutForBusiness_BTL-option_1')]</uiobject>
<uiobject name="Let_out_for_business_Yes_manageflow" type="xpath">//input[contains(@id,'letOutForBusiness_BTL-option_2')]</uiobject>
<uiobject name="Let_out_for_business_No" type="xpath">//input[contains(@id,'letOutForBusiness_T-option_1')]</uiobject>
<uiobject name="Let_out_for_business_Yes" type="xpath">//input[contains(@id,'letOutForBusiness_T-option_2')]</uiobject>
<uiobject name="submit" type="xpath">//input[contains(@id,'submitContinue')]</uiobject>
<uiobject name="advice_flow_button" type="xpath">//input[contains(@id,'advice')]</uiobject>
<uiobject name="EO_flow_button" type="xpath">//input[contains(@id,'keyFactButton_eo')]</uiobject>
<uiobject name="NonAdvice_flow_button" type="xpath">//input[contains(@id,'nonAdviceOnly')]</uiobject>
<uiobject name="continuewithadvice_button" type="xpath">//input[contains(@id,'continueWithAdvice')]</uiobject>
<uiobject name="continuewithEO_button" type="xpath">//input[contains(@id,'continueExecuteOnlyNav')]</uiobject>
<uiobject name="continuewithNonadvice_button" type="xpath">//input[contains(@id,'continueWithNonAdviceOnlyNav')]</uiobject>
<uiobject name="continue_button" type="xpath">//input[contains(@id,'continuebutton-nav')]</uiobject>
<uiobject name="confirm_button" type="xpath">//input[@value='Confirm and continue']</uiobject>
<uiobject name="continue2_button" type="xpath">//input[contains(@id,'continuebutton-nav')]</uiobject>
<uiobject name="UserID_Agent" type="xpath">//h4[contains(text(),'created your username')]/../span</uiobject>
</page>

<page name="GAD1_Personal_Details_Page">
<uiobject name="save_and_exit" type="xpath">//a[@title='Save and Exit']</uiobject>
<uiobject name="UAT_save_and_exit" type="xpath">//a[text()='Save and exit application']</uiobject>
<uiobject name="UAT_confirm_exit" type="xpath">//a[text()='Yes - exit application']</uiobject>
<uiobject name="Residential_Status" type="xpath">//select[contains(@id,'residentialstatusdropdown-option')]</uiobject>
<uiobject name="Marital_dropdown" type="xpath">//select[contains(@id,'maritalstatusdrodown-option')]</uiobject>
<uiobject name="No_of_dependent" type="xpath">//select[contains(@id,'noofdependantsdropdown-option')]</uiobject>
<uiobject name="Country" type="xpath">//select[contains(@id,'countryofresidencedropdown-option')]</uiobject>
<uiobject name="Nationality" type="xpath">//select[contains(@id,'nationalitydropdown')]</uiobject>
<uiobject name="Other_resident" type="xpath">//select[contains(@id,'otherresidentialpropertiesradio-option')]</uiobject>
<uiobject name="Work_Phone_int" type="xpath">//input[contains(@id,'workphoneinternationaltextbox-field')]</uiobject>
<uiobject name="Work_Phone_std" type="xpath">//input[contains(@id,'workphonestdtextbox-field')]</uiobject>
<uiobject name="Work_Phone_number" type="xpath">//input[contains(@id,'workphonenumbertextbox-field')]</uiobject>
<uiobject name="correnspodence_dropdown" type="xpath">//select[contains(@id,'sendcorrespondencetodropdown-option')]</uiobject>
<uiobject name="issue_doc_via_other_option" type="xpath">//input[contains(@id,'issuedocumentviaothermethodradio-option_1')]</uiobject>
<uiobject name="issue_doc_via_other_option_coapp" type="xpath">//input[contains(@id,'issuedocumentviaothermethodradio-option1_1')]</uiobject>
<uiobject name="Send_Reminder" type="xpath">//select[contains(@id,'sendreminderviadropdown-option')]</uiobject>
<uiobject name="Send_Reminder_other_format_no" type="xpath">//input[contains(@id,'remindersinotherformatradio-option_1')]</uiobject>
<uiobject name="Send_Reminder_other_format_no_coapp" type="xpath">//input[contains(@id,'remindersinotherformatradio-option1_1')]</uiobject>
<uiobject name="Select_marketing_format" type="xpath">//input[contains(@id,'contactedwithselectedmarketingformat-layout')]</uiobject>
<uiobject name="Continue" type="xpath">//input[contains(@id,'continue-nav')]</uiobject>
<uiobject name="rightToAbode_no" type="xpath">//input[contains(@id,'rightToAbode-option_1')]</uiobject>
<uiobject name="rightToAbode_yes" type="xpath">//input[contains(@id,'rightToAbode-option_2')]</uiobject>
</page>

<page name="GAD1_Financial_Details_Page">
<uiobject name="Emp_Status" type="xpath">//select[contains(@id,'employmentstatusdropdown-option')]</uiobject>
<uiobject name="Graduation_Year" type="xpath">//input[contains(@id,'yearofgraduationtextbox')]</uiobject>
<uiobject name="comp_director_no" type="xpath">//input[contains(@id,'companydirectorradio-option_1')]</uiobject>
<uiobject name="Emp_Business" type="xpath">//select[contains(@id,'employerbusinessdropdown-option')]</uiobject>
<uiobject name="Occupation_Type" type="xpath">//select[contains(@id,'occupationtypedropdown-option')]</uiobject>
<uiobject name="Specific_occupation" type="xpath">//select[contains(@id,'specificoccupationdropdown-option')]</uiobject>
<uiobject name="Job_Title" type="xpath">//input[contains(@id,'jobtitletextbox-field')]</uiobject>
<uiobject name="Emp_Startdate_Day" type="xpath">//input[contains(@id,'EmploymentStartDateDayTextbox-field')]</uiobject>
<uiobject name="Emp_Startdate_Month" type="xpath">//input[contains(@id,'EmploymentStartDateMonthTextbox-field')]</uiobject>
<uiobject name="Emp_Startdate_Year" type="xpath">//input[contains(@id,'EmploymentStartDateYearTextbox-field')]</uiobject>
<uiobject name="Income_Frequency" type="xpath">//select[contains(@id,'incomefrequencydropdown-option')]</uiobject>
<uiobject name="Income_Method" type="xpath">//select[contains(@id,'incomemethoddropdown-option')]</uiobject>
<uiobject name="Gross_Annual_Income" type="xpath">//input[contains(@id,'financialdetai1form:grossannualincometextbox-field')]</uiobject>
<uiobject name="Other_Income" type="xpath">//input[contains(@id,'financialdetai1form:otherincometextbox-field')]</uiobject>
<uiobject name="Time_with_Bank_Years" type="xpath">//select[contains(@id,'timewithbankyearsdropdown-option')]</uiobject>
<uiobject name="Time_with_Bank_Month" type="xpath">//select[contains(@id,'timewithbankmonthdropdown-option')]</uiobject>
<uiobject name="Time_with_Bank_Years_repayment_type" type="xpath">//select[contains(@id,'accountperiodyearstextbox-option')]</uiobject>
<uiobject name="Time_with_Bank_Month_repayment_type" type="xpath">//select[contains(@id,'accountperiodmonthsdropdown-option')]</uiobject>
<uiobject name="Number_of_Debit_cards" type="xpath">//select[contains(@id,'numberofdebitcardsdropdown-option')]</uiobject>
<uiobject name="Number_of_Credit_cards" type="xpath">//select[contains(@id,'numberofcreditcardsdropdown-option')]</uiobject>
<uiobject name="Outstanding_balance" type="xpath">//input[contains(@id,'outstandingcreditcardbalancetextbox-field')]</uiobject>
<uiobject name="Total_monthly_loan" type="xpath">//input[contains(@id,'totalmonthlyloanpaymentstextbox-field')]</uiobject>
<uiobject name="Continue" type="xpath">//input[contains(@id,'financialdetai1form:continueButton')]</uiobject>
<uiobject name="other_employment_no" type="xpath">//input[contains(@id,'additionalpermanantemploymentradio-option_1')]</uiobject>
</page>

<page name="GAD1_Property_Details_Page">
<uiobject name="Property_Region" type="xpath">//select[contains(@id,'propertyregiondropdown-option')]</uiobject>
<uiobject name="Type_of_Property" type="xpath">//select[contains(@id,'propertyDetailsForm:typeofpropertydropdown-option')]</uiobject>
<uiobject name="How_old_property" type="xpath">//select[contains(@id,'howoldispropertydropdown-option')]</uiobject>
<uiobject name="Property_occupied" type="xpath">//input[contains(@id,'propertyOccupied_1')]</uiobject>
<uiobject name="Expected_Monthly_outgoing" type="xpath">//input[contains(@id,'expectedmonthlyoutgoingstextbox-field')]</uiobject>
<uiobject name="Expected_Monthly_contractual" type="xpath">//input[contains(@id,'expectedmonthlycontractualtextbox-field')]</uiobject>
<uiobject name="Borrowing_required" type="xpath">//input[contains(@id,'borrowingsrequiredtextbox-field')]</uiobject>
<uiobject name="Purpose_of_loan" type="xpath">//select[contains(@id,'purposeofloandropdown')]</uiobject>
<uiobject name="Based_on_radiobutton" type="xpath">//input[contains(@id,'propertyDetailsForm:basedonradio-option_1')]</uiobject>
<uiobject name="Based_on_propertyvalue" type="xpath">//input[contains(@id,'propertyDetailsForm:basedOnPropertyValue')]</uiobject>
<uiobject name="Repayment_dropdown" type="xpath">//select[contains(@id,'repaymenttypedropdown-option')]</uiobject>
<uiobject name="Mortgage_term_years" type="xpath">//select[contains(@id,'mortgagetermyearsdropdown-option')]</uiobject>
<uiobject name="Mortgage_term_months" type="xpath">//select[contains(@id,'mortgagetermmonthsdropdown-option')]</uiobject>
<uiobject name="other_Currency_Income_No" type="xpath">//input[contains(@id,'foreignCurrencyIncomeRadio-option_1')]</uiobject>
<uiobject name="other_Currency_Income_Yes" type="xpath">//input[contains(@id,'foreignCurrencyIncomeRadio-option_2')]</uiobject>
<uiobject name="Rental_Income" type="xpath">//input[contains(@id,'estgrossmonthlyincometextbox')]</uiobject>
<uiobject name="Expected_Monthly_outgoing_rental" type="xpath">//input[contains(@id,'rentalpropertyoutgoingstextbox')]</uiobject>
<uiobject name="Continue1_button" type="xpath">//input[contains(@id,'propertyDetailsForm:continueButton')]</uiobject>
<uiobject name="Continue2_button" type="xpath">//input[contains(@id,'continuebutton-nav')]</uiobject>
<uiobject name="Confirm_checkbox" type="xpath">//input[contains(@id,'confirmcheckbox-option_1')]</uiobject>
<uiobject name="Continue3_button" type="xpath">//input[contains(@id,'dipCRAAgreementForm:continue-nav')]</uiobject>
<uiobject name="Continue4_button" type="xpath">//input[contains(@id,'dipResultForm2:continueproductbutton-nav')]</uiobject>
</page>

<page name="GAD2_Personal_Details_Page">
<uiobject name="Mothers_Name" type="xpath">//input[contains(@id,'mothersmaidennametextbox')]</uiobject>
<uiobject name="Public_Official_opt1" type="xpath">//input[contains(@id,'publicofficialradio-option_1')]</uiobject>
<uiobject name="country_of_birth" type="xpath">//Select[contains(@id,'personalDetailsForm:countryofbirthdropdown-option')]</uiobject>
<uiobject name="No_of_BTL" type="xpath">//select[contains(@id,'buytoletpropertiesdropdown')]</uiobject>
<uiobject name="existing_relationship_hsbc_no" type="xpath">//input[contains(@id,'relationshipwithhsbcinukradio-option_1')]</uiobject>
<uiobject name="continue" type="xpath">//input[contains(@id,'personalDetailsForm:continue-nav')]</uiobject>
<!-- R3 changes -->
<uiobject name="anothername" type="xpath">//input[contains(@id,'anothernamesradio-option_2')]</uiobject>
<uiobject name="previousname" type="xpath">//input[contains(@id,'haspreviousnamesradio-option_2')]</uiobject>
<uiobject name="previoustitle" type="xpath">//select[contains(@id,'previoustitledropdown1-option')]</uiobject>
<uiobject name="previousfirstname" type="xpath">//input[contains(@id,'previousfirstnametextbox1-field')]</uiobject>
<uiobject name="previoussurname" type="xpath">//input[contains(@id,'previoussurnametextbox1-field')]</uiobject>
<uiobject name="haspreviousname" type="xpath">//input[contains(@id,'hasanyotherpreviousnamesradio1-option_1')]</uiobject>
<uiobject name="hasrelationship" type="xpath">//input[contains(@id,'relationshipwithhsbcinukradio-option_1')]</uiobject>
<uiobject name="birthcountry" type="xpath">//select[contains(@id,'countryofbirthdropdown-option')]</uiobject>
<uiobject name="nationalityradio" type="xpath">//input[contains(@id,'morethenonenationalityradio-option_2')]</uiobject>
<uiobject name="nationalitydrop1" type="xpath">//select[contains(@id,'additionalnationalitydropdown-option1')]</uiobject>
<uiobject name="nationalitydrop2" type="xpath">//select[contains(@id,'additionalnationalitydropdown-option2')]</uiobject>
<uiobject name ="relationshipHSBCUK" type="xpath">//input[contains(@id,'relationshipwithhsbcinukradio-option_2')]</uiobject>
<uiobject name="relationshipHSBCnotUK" type="xpath">//input[contains(@id,'relationshipwithhsbcoutsideukradio-option_2')]</uiobject>
<uiobject name="otherCountriescount" type="xpath">//select[contains(@id,'othercountriesdropdown-option')]</uiobject>
<uiobject name="otherCountriesdrop1" type="xpath">//select[contains(@id,'othercountries-field1')]</uiobject>
<uiobject name="otherCountriesdrop2" type="xpath">//select[contains(@id,'othercountries-field2')]</uiobject>
</page>

<page name="GAD2_Financial_Details_Page">
<uiobject name="Company_Name" type="xpath">//input[contains(@id,'companynametextbox-field')]</uiobject>
<uiobject name="Course_Due_Day" type="xpath">//input[contains(@id,'CourseDueDateDayTextbox-field')]</uiobject>
<uiobject name="Course_Due_Month" type="xpath">//input[contains(@id,'CourseDueDateMonthTextbox-field')]</uiobject>
<uiobject name="Course_Due_Year" type="xpath">//input[contains(@id,'CourseDueDateYearTextbox-field')]</uiobject>
<uiobject name="Company_Postcode" type="xpath">//input[contains(@id,'companyukpostcodetextbox-field')]</uiobject>
<uiobject name="Company_find_address" type="xpath">//input[contains(@id,'companyfindaddress-nav')]</uiobject>
<uiobject name="Company_address_listbox" type="xpath">//select[contains(@id,'companyaddresslistbox-option')]</uiobject>
<uiobject name="Income_frequency" type="xpath">//select[contains(@id,'financialdetai1form:incomefrequencydropdown-option')]</uiobject>
<uiobject name="Income_Method" type="xpath">//select[contains(@id,'financialdetai1form:incomemethoddropdown-option')]</uiobject>
<uiobject name="Bonus_income" type="xpath">//input[contains(@id,'financialdetai1form:bonusincometextbox-field')]</uiobject>
<uiobject name="Retirement_Age" type="xpath">//input[contains(@id,'retirementagetextbox-field')]</uiobject>
<uiobject name="Confirm_radio_button" type="xpath">//input[contains(@id,'confirmationradio-option_1')]</uiobject>
<uiobject name="Employment_pending_changes_radiobutton" type="xpath">//input[contains(@id,'employmentpendingchangesradio-option_1')]</uiobject>
<uiobject name="Permanent_Emp_Radiobutton" type="xpath">//input[contains(@id,'additionalpermanantemploymentradio-option_1')]</uiobject>
<uiobject name="Dividend_Annual_Income" type="xpath">//input[contains(@id,'dividendannualincometextbox-field')]</uiobject>
<uiobject name="StateBenifit_Annual_Income" type="xpath">//input[contains(@id,'statebenefitsannualincometextbox-field')]</uiobject>
<uiobject name="Annual_Investment" type="xpath">//input[contains(@id,'annualinvestmentincometextbox-field')]</uiobject>
<uiobject name="bank_dropdown" type="xpath">//select[contains(@id,'bankdropdown-option')]</uiobject>
<uiobject name="Current_Account_with_other" type="xpath">//input[contains(@id,'currentaccountwithotherproviderradio-option_1')]</uiobject>
<uiobject name="number_of_Debitcard" type="xpath">//select[contains(@id,'numberofdebitcardsdropdown-option')]</uiobject>
<uiobject name="number_of_Creditcard" type="xpath">//input[contains(@id,'monthlylifestylecoststextbox-field')]</uiobject>
<uiobject name="counsil_tax" type="xpath">//input[contains(@id,'monthlycounciltaxcoststextbox-field')]</uiobject>
<uiobject name="utilities" type="xpath">//input[contains(@id,'monthlyutilitiescoststextbox-field')]</uiobject>
<uiobject name="buildinginsurance" type="xpath">//input[contains(@id,'monthlybuildinginsurancecoststextbox-field')]</uiobject>
<uiobject name="otherinsurance" type="xpath">//input[contains(@id,'monthlyotherinsurancecoststextbox-field')]</uiobject>
<uiobject name="assurancecosts" type="xpath">//input[contains(@id,'monthlyassurancecoststextbox-field')]</uiobject>
<uiobject name="savingsandinvestmentcost" type="xpath">//input[contains(@id,'monthlysavingsandinvestmentcoststextbox-field')]</uiobject>
<uiobject name="pension" type="xpath">//input[contains(@id,'monthlypensiontextboxcosts-field')]</uiobject>
<uiobject name="intend_to_repay" type="xpath">//input[contains(@id,'monthlyintendtorepaycoststextbox-field')]</uiobject>
<uiobject name="ground_rent" type="xpath">//input[contains(@id,'monthlygroundrentcoststextbox-field')]</uiobject>
<uiobject name="essential_travel_costs" type="xpath">//input[contains(@id,'monthlyessentialtravelcoststextbox-field')]</uiobject>
<uiobject name="non_essential_travel_cost" type="xpath">//input[contains(@id,'monthlynonessentialtravelcoststextbox-field')]</uiobject>
<uiobject name="housekeeping" type="xpath">//input[contains(@id,'monthlyhousekeepingcoststextbox-field')]</uiobject>
<uiobject name="packagecost" type="xpath">//input[contains(@id,'monthlytvpackagecoststextbox-field')]</uiobject>
<uiobject name="childmaintainance" type="xpath">//input[contains(@id,'monthlychildmaintainancecoststextbox-field')]</uiobject>
<uiobject name="alimony_costs" type="xpath">//input[contains(@id,'alimonycoststextbox-field')]</uiobject>
<uiobject name="child_care_costs" type="xpath">//input[contains(@id,'monthlychildcarecoststextbox-field')]</uiobject>
<uiobject name="school_college_fees" type="xpath">//input[contains(@id,'monthlyschoolcollegefeestextbox-field')]</uiobject>
<uiobject name="continue1_button" type="xpath">//input[contains(@id,'financialdetai1form:continueButton')]</uiobject>
<uiobject name="continue2_button" type="xpath">//input[contains(@id,'bankingDetailsForm:continue-nav')]</uiobject>
<uiobject name="how_to_pay" type="xpath">//select[contains(@id,'settlemortgagedropdown')]</uiobject>
</page>

<page name="GAD2Property">
<uiobject name="PropAddrText" type="xpath">//input[contains(@id,'property_address:ukpostcodetextbox-field')]</uiobject>
<uiobject name="FindAddr" type="xpath">//input[contains(@id,'property_address:findaddress-nav')]</uiobject>
<uiobject name="PropAddrList" type="xpath">//select[contains(@id,'property_address:addresslistbox-option')]</uiobject>
<uiobject name="Tenure" type="xpath">//select[contains(@id,'propertyDetailsForm:tenuredropdown-option')]</uiobject>
<uiobject name="PropConv" type="xpath">//input[contains(@id,'propertyConversion_1')]</uiobject>
<uiobject name="NumofBedroom" type="xpath">//select[contains(@id,'numberofbedroomsdropdown-option')]</uiobject>
<uiobject name="PropListed" type="xpath">//input[contains(@id,'ispropertylistedradio-option_1')]</uiobject>
<uiobject name="other_loan_amount" type="xpath">//input[contains(@id,'otherAmountBorrowed')]</uiobject>
<uiobject name="Scheme" type="xpath">//select[contains(@id,'purchaseunderschemedropdown-option')]</uiobject>
<uiobject name="EstPrice" type="xpath">//input[contains(@id,'estimatedPurchasePrice')]</uiobject>
<uiobject name="PropConstr_EO" type="xpath">//select[contains(@id,'propertyConstructionType')]</uiobject>
<uiobject name="PropConstr_Agent" type="xpath">//select[contains(@id,'propertyconstructiontype')]</uiobject>
<uiobject name="MethodDeposit" type="xpath">//select[contains(@id,'methodofdepositdropdown-option')]</uiobject>
<uiobject name="Is_Property_let_to_relative" type="xpath">//input[contains(@id,'ispropertylettorelatedradio-option_1')]</uiobject>
<uiobject name="Continue" type="xpath">//input[contains(@id,'propertyDetailsForm:continueButton')]</uiobject>
<uiobject name="Continuenav" type="xpath">//input[contains(@id,'continuebutton-nav')]</uiobject>
</page>

<page name="Quotes">
<uiobject name="existing_prop" type="xpath">//input[contains(@id,'borrowRadioButton')]</uiobject>
<uiobject name="Sellingproperty_checkbox" type="xpath">//label[contains(text(),'m selling this property')]/input</uiobject>
<uiobject name="existing_prop_Continue" type="xpath">//input[contains(@id,'ExistingPropertiesForm:continueButton')]</uiobject>
<uiobject name="EP_Continue" type="xpath">//input[contains(@id,'continueMPDButton')]</uiobject>
<uiobject name="Prop_Age" type="xpath">//select[contains(@id,'propertyInMindPropertyAge')]</uiobject>
<uiobject name="Prop_purchase_scheme" type="xpath">//select[contains(@id,'propertyScheme')]</uiobject>
<uiobject name="owned_more_than_6months_yes" type="xpath">//input[contains(@id,'ownedMoreThan6Months_2')]</uiobject>
<uiobject name="Purchase_Price" type="xpath">//input[contains(@id,'propertyInMindPurchasePrice')]</uiobject>
<uiobject name="DepositAmt" type="xpath">//input[contains(@id,'depositAmount')]</uiobject>
<uiobject name="Deposit_Source" type="xpath">//select[contains(@id,'depositSource')]</uiobject>
<uiobject name="propertyvalue" type="xpath">//input[contains(@id,'propertyValue')]</uiobject>
<uiobject name="ProductRange" type="xpath">//select[contains(@id,'productRange')]</uiobject>
<uiobject name="Borrowmore_ProductRange" type="xpath">//select[contains(@id,'additionalLoanProductRange')]</uiobject>
<uiobject name="Change_borrowing_No" type="xpath">//input[contains(@id,'changeBorrowing_1')]</uiobject>
<uiobject name="Change_borrowing_Yes" type="xpath">//input[contains(@id,'changeBorrowing_2')]</uiobject>
<uiobject name="revised_amount" type="xpath">// input[contains(@id,'revisedBorrowingAmount')]</uiobject>
<uiobject name="save_amount" type="xpath">// input[@value='Save amount']</uiobject>
<uiobject name="Deposit_Source_changeowner" type="xpath">//select[contains(@id,'depositSourceOutMort')]</uiobject>
<uiobject name="SARSaveContinue" type="xpath">//input[contains(@id,'sarSaveAndContinue')]</uiobject>
<uiobject name="Continue_creating_mortgage" type="xpath">//input[@value='Continue creating your mortgage']</uiobject>
<uiobject name="ChooseMortgage" type="xpath">//h5[text()='Choose a Mortgage']</uiobject>
<uiobject name="ChooseHOL" type="xpath">//h5[text()='Choose a Home Owner Loan']</uiobject>
<uiobject name="filter_results" type="xpath">//b[text()='Filter your results']/../..</uiobject>
<uiobject name="mortgage_type" type="xpath">//select[contains(@id,'mortgageType')]</uiobject>
<uiobject name="HOL_type" type="xpath">//select[contains(@id,'holMortgageType')]</uiobject>
<uiobject name="update_result" type="xpath">//input[contains(@id,'updateResultsBtn1')]</uiobject>
<uiobject name="update_HOL_result" type="xpath">//input[contains(@id,'holUpdateResultsBtn1')]</uiobject>
<uiobject name="Select_standard_fixed_AvlRates" type="xpath">//input[contains(@id,'selectAvailableRateBtn')][contains(@title,'Fixed Standard')]</uiobject>
<uiobject name="Select_random_Rates" type="xpath">//input[contains(@id,'selectAvailableRateBtn')]</uiobject>
<uiobject name="Selected_Rates" type="xpath">//h4[text()='Your selected Mortgages']</uiobject>
<uiobject name="Selected_HOL" type="xpath">//h4[text()='Your selected Home owner loan products']</uiobject>
<uiobject name="Edit_Rate" type="xpath">//a[contains(@id,'basketMortgageProduct')]</uiobject>
<uiobject name="Edit_HOL_Rate" type="xpath">//a[contains(@id,'basketProduct')]</uiobject>
<uiobject name="Edit_Amount_Button" type="xpath">//button[contains(@id,'editMortgageLoanAmountButton')]</uiobject>
<uiobject name="Edit_HOL_Amount_Button" type="xpath">//button[contains(@id,'editLoanAmountButton')]</uiobject>
<uiobject name="Edit_Amount_Field" type="xpath">//input[contains(@id,'LoanAmountReviseAvaiMortg')]</uiobject>
<uiobject name="Edit_HOL_Amount_Field" type="xpath">//input[contains(@id,'tempLoanAmountRevExtMortg')]</uiobject>
<uiobject name="save_Amount_change" type="xpath">//input[@title='Save amount change']</uiobject>
<uiobject name="save_HOL_Amount_change" type="xpath">//input[@title='Save the change']</uiobject>
<uiobject name="choose_another_mortgage" type="xpath">//input[@title='Choose a new mortgage rate']</uiobject>
<uiobject name="choose_another_HOL" type="xpath">//input[@title='Choose a new Home owner loan rate']</uiobject>
<uiobject name="Continue_existing_borrowmore" type="xpath">//input[contains(@id,'ContinueWithHOLFeesFormOne')]</uiobject>
<uiobject name="Continue" type="xpath">//input[contains(@id,'ContinueFeesForm:continuetoFees')]</uiobject>
<uiobject name="Incentive" type="xpath">//input[contains(@id,'page11Form:incentive-nav')]</uiobject>
<uiobject name="LoanCapital" type="xpath">//select[contains(@id,'loancapitalisationvalueplaceholder')]</uiobject>
<uiobject name="LoanRecalc" type="xpath">//input[contains(@id,'loanrecalculateenablebutton')]</uiobject>
<uiobject name="Adhoc_capital" type="xpath">//input[contains(@id,'repaymentvehicle')]/..[text()='Adhoc Capital']</uiobject>
<uiobject name="foreignCurrencyRadio_no" type="xpath">//input[contains(@id,'foreignCurrencyRadio-option_1')]</uiobject>
<uiobject name="SaveContinue" type="xpath">//input[@value='Save and continue']</uiobject>
<uiobject name="Apply" type="xpath">//input[contains(@id,'summaryForm4:applyButton')]</uiobject>
<uiobject name="Apply_EO_Flow" type="xpath">//input[contains(@id,'applyNoBookButton')]</uiobject>
<uiobject name="Countinue_without_Booking_Rates" type="xpath">//input[@value='Continue without booking']</uiobject>
<uiobject name="Book_Rates" type="xpath">//input[@value='Continue and book rates']</uiobject>
<uiobject name="Existing_Mortgage_dropdown" type="xpath">//h4[text()='Your existing Mortgages']</uiobject>
<uiobject name="View_Edit_Details" type="xpath">//span[@title='View or edit details']</uiobject>
<uiobject name="Edit_Terms" type="xpath">//button[contains(@id,'existingLoaneditTermButton')]</uiobject>
<uiobject name="Edit_Terms_Years" type="xpath">//select[contains(@id,'changeTermYears')]</uiobject>
<uiobject name="Edit_Terms_Save" type="xpath">//input[@title='Save term change']</uiobject>
<uiobject name="Whats_this_for_BTL" type="xpath">//select[contains(@id,'purposeBTLHOL')]</uiobject>
<uiobject name="add_funds_to_borrow" type="xpath">//input[contains(@id,'howMuchToBorrowBTLHOL')]</uiobject>
<uiobject name="ADD_Loan_Mortgage_term_years" type="xpath">//select[contains(@id,'additionalLoanRepaymentTermYearsBTLHOL')]</uiobject>
<uiobject name="ADD_Loan_Mortgage_term_months" type="xpath">//select[contains(@id,'additionalLoanRepaymentTermMonthsBTLHOL')]</uiobject>
<uiobject name="ADD_Loan_Repayment_dropdown" type="xpath">//select[contains(@id,'additionalLoanRepaymentTypeBTLHOL')]</uiobject>
<uiobject name="surplus_ADD_Loan_Mortgage_term_years" type="xpath">//select[contains(@id,'surplusAdditionalLoanRepaymentTermYears')]</uiobject>
<uiobject name="surplus_ADD_Loan_Mortgage_term_months" type="xpath">//select[contains(@id,'surplusAdditionalLoanRepaymentTermMonths')]</uiobject>
<uiobject name="surplus_ADD_Loan_Repayment_dropdown" type="xpath">//select[contains(@id,'surplusAdditionalLoanRepaymentType')]</uiobject>
<uiobject name="extra_borrowing_no" type="xpath">//input[contains(@id,'extraBorrowing_1')]</uiobject>
<uiobject name="surplus_purpose" type="xpath">//select[contains(@id,'surplusPurpose')]</uiobject>
<uiobject name="add_loan_product_range" type="xpath">//select[contains(@id,'surplusAdditionalLoanProductRange')]</uiobject>
</page>

<page name="ACM">
<uiobject name="Launch_Quotes" type="xpath">//span[text()='Mortgage Quote']/../../div[3]/span/input[@value='Launch']</uiobject>
<uiobject name="ReadyforSol" type="xpath">//span[text()='Ready for Solutions']/../../div[3]/span/input[@value='Upload']</uiobject>
<uiobject name="RecommGen" type="xpath">//span[text()='Recommendations Generated']/../../div[3]/span/input[@value='Confirm']</uiobject>
<uiobject name="RecommAcc" type="xpath">//span[text()='Recommendations Accepted']/../../div[3]/span/input[@value='Confirm']</uiobject>
<uiobject name="FCD" type="xpath">//span[text()='FCD']/../../div[3]/span/input[@value='Launch']</uiobject>
<uiobject name="Confirm" type="xpath">//input[contains(@id,'confirmcheckbox-option_1')]</uiobject>
<uiobject name="FCDCRA" type="xpath">//input[contains(@id,'fcdCraAgreementForm:continue-nav')]</uiobject>
</page>

<page name = "Valuation">
<uiobject name="Select_Home_Buyer" type="xpath">//input[contains(@id,'homebuyerreport-nav')]</uiobject>
<uiobject name="relation" type="xpath">//select[contains(@id,'relationtopropertydropdown-option')]</uiobject>
<uiobject name="title" type="xpath">//select[contains(@id,'titledropdown-option')]</uiobject>
<uiobject name="firstname" type="xpath">//input[contains(@id,'firstnametextfield-field')]</uiobject>
<uiobject name="lastname" type="xpath">//input[contains(@id,'lastnametextfield-field')]</uiobject>
<uiobject name="homephonestd" type="xpath">//input[contains(@id,'homephonestd-field')]</uiobject>
<uiobject name="homephonenum" type="xpath">//input[contains(@id,'homephonenumber-field')]</uiobject>
<uiobject name="mobilephonestd" type="xpath">//input[contains(@id,'mobilephonestdcode-field')]</uiobject>
<uiobject name="mobilephonenum" type="xpath">//input[contains(@id,'mobilephonenumbertextbox-field')]</uiobject>
<uiobject name="email" type="xpath">//input[contains(@id,'emailaddresstextfield-field')]</uiobject>
<uiobject name="bestcontact" type="xpath">//select[contains(@id,'bestwaytocontactdropdown-option')]</uiobject>
<uiobject name="propertyaddr" type="xpath">//input[contains(@id,'propertyaddresscheckbox-option-1')]</uiobject>
<uiobject name="addcomment" type="xpath">//input[contains(@id,'propertyaddresscheckbox-option-1')]</uiobject>
<uiobject name="Continue" type="xpath">//input[@value='Continue']</uiobject>
<uiobject name="Confirm_and_Continue" type="xpath">//input[@value='Confirm and continue']</uiobject>
<uiobject name="ValConfirm" type="xpath">//a[contains(@name,'valuationConfirmForm')]</uiobject>
</page>

<page name = "Conveyancing">
<uiobject name="panelsol" type="xpath">//input[contains(@id,'panelsolicitorsalepropradio-option_1')]</uiobject>
<uiobject name="hsbcpanelsol" type="xpath">//input[contains(@id,'selecthsbcpanelsolicitor-nav')]</uiobject>
<uiobject name="continue" type="xpath">//input[contains(@id,'confirmationForm:continue-nav')]</uiobject>
<uiobject name="managed_pannel_continue" type="xpath">//input[contains(@id,'panelonlyForm:continue-nav')]</uiobject>
</page>

<page name = "DD">
<uiobject name="accholder" type="xpath">//input[contains(@id,'accountholdernametextbox-field')]</uiobject>
<uiobject name="accnum" type="xpath">//input[contains(@id,'accountnumbertextbox-field')]</uiobject>
<uiobject name="rollnum" type="xpath">//input[contains(@id,'rollnumbertextbox-field')]</uiobject>
<uiobject name="sortcodefirst" type="xpath">//input[contains(@id,'sortcodefirsttextbox-field')]</uiobject>
<uiobject name="sortcodesec" type="xpath">//input[contains(@id,'sortcodesecondtextbox-field')]</uiobject>
<uiobject name="sortcodethird" type="xpath">//input[contains(@id,'sortcodethirdtextbox-field')]</uiobject>
<uiobject name="payment" type="xpath">//input[contains(@id,'paymentontextfield-field')]</uiobject>
<uiobject name="confirmcheck" type="xpath">//input[contains(@id,'confirmationcheckbox-option')]</uiobject>
<uiobject name="continue" type="xpath">//input[contains(@id,'continuebutton-nav')]</uiobject>
<uiobject name="confirmcontinue" type="xpath">//input[contains(@id,'confirmandcontinue-nav')]</uiobject>
<uiobject name="continue" type="xpath">//input[contains(@id,'continuebutton-nav')]</uiobject>
</page>

<page name = "Application Maintenance">
<uiobject name="JmsAppMain" type="xpath">//input[contains(@id,'jmsHomeapplication_maintenance')]</uiobject>
<uiobject name="EvidDocs" type="xpath">//select[contains(@id,'evidentialdocsdropdown')]</uiobject>
<uiobject name="EvidDoc0" type="xpath">//select[contains(@id,'0:evidentialdocsdropdown-option')]</uiobject>
<uiobject name="EvidDoc1" type="xpath">//select[contains(@id,'1:evidentialdocsdropdown-option')]</uiobject>
<uiobject name="EvidDoc2" type="xpath">//select[contains(@id,'2:evidentialdocsdropdown-option')]</uiobject>
<uiobject name="Imperson" type="xpath">//select[contains(@id,'impersonationdropdown-option')]</uiobject>
<uiobject name="Identification" type="xpath">//select[contains(@id,'idvconfirmationdropdown-option')]</uiobject>
<uiobject name="Confirm" type="xpath">//input[contains(@id,'confirmbutton-nav')]</uiobject>
<uiobject name="AppId" type="xpath">//label[text()='Application ID:']/../../../td[2]/div/span/strong</uiobject>
<uiobject name="confirmSegmentEligibility" type="xpath">//input[contains(@id,'confirmSegmentEligibility-option_2')]</uiobject>
</page>

<page name = "DocsCorres">
<uiobject name="DocsCorresp" type="xpath">//a[text()='Documents and correspondence']</uiobject>
<uiobject name="DocStatus" type="xpath">//select[contains(@id,'docstatusdropdown-option')]</uiobject>
<uiobject name="Save" type="xpath">//input[contains(@id,'savechangesbutton-nav')]</uiobject>
<uiobject name="PropVal" type="xpath">//input[@value='Choose property valuation']</uiobject>
</page>

<page name = "PayFees">
<uiobject name="PayNow" type="xpath">//input[@value='Pay fees now']</uiobject>
<uiobject name="SelectAll" type="xpath">//input[contains(@id,'selectallfeescheck-option')]</uiobject>
<uiobject name="StaffCont" type="xpath">//input[contains(@id,'staff-continue-nav')]</uiobject>
<uiobject name="Customer_Cont" type="xpath">//input[contains(@id,'customer-continue-nav')]</uiobject>
<uiobject name="CardselMenu" type="xpath">//select[contains(@id,'cardselectionmenu-option')]</uiobject>
<uiobject name="CardSelButton" type="xpath">//input[contains(@id,'cardselectionbutton-nav')]</uiobject>
<uiobject name="Postcode" type="xpath">//input[contains(@id,'postcodetext-field')]</uiobject>
<uiobject name="FindAddr" type="xpath">//input[contains(@id,'findaddress-nav')]</uiobject>
<uiobject name="AddrList" type="xpath">//select[contains(@id,'addresslistbox-option')]</uiobject>
<uiobject name="CardType" type="xpath">//select[contains(@id,'cardtypelist-option')]</uiobject>
<uiobject name="Name" type="xpath">//input[contains(@id,'nameoncardtextinput-field')]</uiobject>
<uiobject name="CardNum" type="xpath">//input[contains(@id,'cardnumbertextinput-field')]</uiobject>
<uiobject name="ExpMon" type="xpath">//select[contains(@id,'expirydatemonth-option')]</uiobject>
<uiobject name="ExpYear" type="xpath">//select[contains(@id,'expirydateyear-option')]</uiobject>
<uiobject name="StartMon" type="xpath">//select[contains(@id,'startdatemonth-option')]</uiobject>
<uiobject name="StartYear" type="xpath">//select[contains(@id,'startdateyear-option')]</uiobject>
<uiobject name="CVS" type="xpath">//input[contains(@id,'cvsnumberfield-field')]</uiobject>
<uiobject name="AddNew" type="xpath">//input[contains(@id,'addnewcard:footercontinuebutton-nav')]</uiobject>
<uiobject name="Continue" type="xpath">//input[contains(@id,'footercontinuebutton-nav2')]</uiobject>
<uiobject name="Confirm" type="xpath">//input[contains(@id,'confirmation:footerbutton-nav')]</uiobject>
<uiobject name="SaveContinue" type="xpath">//input[contains(@id,'saveandcontinue-nav')]</uiobject>
<uiobject name="SaveContinue_Customer" type="xpath">//input[contains(@id,'continue-nav-tonext')]</uiobject>
<uiobject name="Continue_Customer" type="xpath">//a[text()='Continue']</uiobject>
</page>

<page name = "JMS_Home">
<uiobject name="JMS_link" type="xpath">//a[@title='JMS Home']</uiobject>
<uiobject name="What_Next" type="xpath">//a[@title='What happens next']</uiobject>
<uiobject name="Continue" type="xpath">//input[@value='Continue']</uiobject>
<uiobject name="Create_Mortgage_Offer" type="xpath">//input[@value='Create mortgage offer']</uiobject>
<uiobject name="What_Next_Text" type="xpath">//h3[text()='Your mortgage application']/../div[1]/p</uiobject>
<uiobject name="joint_app_radio" type="xpath">//input[contains(@id,'jmsHomeselectApplicant_2')]</uiobject>
<uiobject name="first_app_radio" type="xpath">//input[contains(@id,'jmsHomeselectApplicant_2')]</uiobject>
<uiobject name="refresh_page" type="xpath">//input[contains(@id,'jmsHomerefresh')]</uiobject>
<uiobject name="jms_next_step" type="xpath">//input[contains(@id,'jmsHomenext_step')]</uiobject>
<uiobject name="what_done_so_far" type="xpath">//div[contains(@id,'jmsHomeSection14')]</uiobject>
</page>

<page name = "Joint_Applicant">
<uiobject name="confirm_joint_app_details" type="xpath">//input[contains(@id,'acceptdatabuttontop')]</uiobject>
<uiobject name="init_disclosure_doc" type="xpath">//button[contains(@id,'generateIDDPDFProxy')]</uiobject>
<uiobject name="continue" type="xpath">//input[contains(@id,'jmsHomecont_to_app')]</uiobject>

</page>

<page name = "MQTest">
<uiobject name="MQtestHarn" type="xpath">//a[text()='MQTestHarness']</uiobject>
<uiobject name="ReqStrng" type="xpath">//textarea[contains(@id,'mqUtilityForm:requestString')]</uiobject>
<uiobject name="Response" type="xpath">//label[text()='Get only response body']/input</uiobject>
<uiobject name="HostMsg" type="xpath">//input[@value='Host messaging']</uiobject>
<uiobject name="RespStrng" type="xpath">//textarea[contains(@id,'mqUtilityForm:responseString')]</uiobject>
</page>

<page name="Who_is_Applying_Page">
<uiobject name="Title" type="xpath">//select[contains(@id,'titledropdown-option')]</uiobject>
<uiobject name="First_Name" type="xpath">//input[contains(@id,'firstnametextbox')]</uiobject>
<uiobject name="Last_Name" type="xpath">//input[contains(@id,'lastnametextbox')]</uiobject>
<uiobject name="dob_date" type="xpath">//input[contains(@id,'dobdd')]</uiobject>
<uiobject name="dob_month" type="xpath">//input[contains(@id,'dobmm')]</uiobject>
<uiobject name="dob_year" type="xpath">//input[contains(@id,'dobyyyy')]</uiobject>
<uiobject name="gender_male" type="xpath">//input[contains(@id,'genderradio-option_1')]</uiobject>
<uiobject name="gender_female" type="xpath">//input[contains(@id,'genderradio-option_2')]</uiobject>
<uiobject name="home_telephone_intl" type="xpath">//input[contains(@id,'homeTelephoneIntl-field')]</uiobject>
<uiobject name="home_telephone_std" type="xpath">//input[contains(@id,'homeTelehponeStd-field')]</uiobject>
<uiobject name="home_telephone_number" type="xpath">//input[contains(@id,'homeTelehponeNumber-field')]</uiobject>
<uiobject name="mobile_telephone_intl" type="xpath">//input[contains(@id,'mobileNumberIntl-field')]</uiobject>
<uiobject name="mobile_telephone_std" type="xpath">//input[contains(@id,'mobileNumberStd-field')]</uiobject>
<uiobject name="mobile_telephone_number" type="xpath">//input[contains(@id,'mobileNumberNumber-field')]</uiobject>
<uiobject name="email" type="xpath">//input[contains(@id,'emailtext-field')]</uiobject>
<uiobject name="postcode" type="xpath">//input[contains(@id,'AA_address:ukpostcodetextbox')]</uiobject>
<uiobject name="find_address" type="xpath">//input[contains(@id,'AA_address:findaddress-nav')]</uiobject>
<uiobject name="address_list_box" type="xpath">//select[contains(@id,'AA_address:addresslistbox-option')]</uiobject>
<uiobject name="years_at_currentaddress" type="xpath">//select[contains(@id,'yearsatcurrentaddress')]</uiobject>
<uiobject name="months_at_currentaddress" type="xpath">//select[contains(@id,'months')]</uiobject>
<uiobject name="continue" type="xpath">//input[contains(@id,'continue-nav')]</uiobject>
<uiobject name="save_and_continue" type="xpath">//input[@value='Save and continue']</uiobject>
<uiobject name="Add_Customer" type="xpath">//input[contains(@id,'addapplicant-nav')]</uiobject>
</page>

<page name = "Your_Security_Details">
<uiobject name="password" type="xpath">//input[contains(@id,'securedpasswordtextfield')]</uiobject>
<uiobject name="conf_passowrd" type="xpath">//input[contains(@id,'confirmpasswordtextfield')]</uiobject>
<uiobject name="memorable_qustn" type="xpath">//select[contains(@id,'creatememorablequestionlistbox')]</uiobject>
<uiobject name="answer" type="xpath">//input[contains(@id,'answerinputtextfield')]</uiobject>
<uiobject name="conf_answer" type="xpath">//input[contains(@id,'confirmanswertextfield')]</uiobject>
<uiobject name="Save_and_Continue" type="xpath">//input[contains(@id,'continuebutton')]</uiobject>
<uiobject name="user_id" type="xpath">//span//strong</uiobject>
<uiobject name="Save_and_Continue2" type="xpath">//input[contains(@id,'continuebutton')]</uiobject>
</page>

<page name = "Thank_You_Page">
<uiobject name="Customer_app_id" type="xpath">//b[text()='What we may need from you']/../../p[1]</uiobject>
<uiobject name="Agent_app_id" type="xpath">//strong[text()='What we need from you']/../..</uiobject>
<uiobject name="Save_and_Continue" type="xpath">//input[@value='Save and continue']</uiobject>
</page>

<page name = "Speak_to_Advisor">
<uiobject name="checkbox" type="xpath">//input[contains(@id,'checkbox1')]</uiobject>
<uiobject name="submit" type="xpath">//input[contains(@id,'submit2')]</uiobject>
<uiobject name="checkbox_coapp" type="xpath">//input[contains(@id,'exoCheckBoxForAgent')]</uiobject>
<uiobject name="submit_coapp" type="xpath">//input[contains(@id,'updateConsent_Agent')]</uiobject>
</page>

<page name = "FCD">
<uiobject name="Confirm_checkbox" type="xpath">//input[contains(@id,'confirmcheckbox-option_1')]</uiobject>
<uiobject name="FCDCRA" type="xpath">//input[contains(@id,'fcdCraAgreementForm:continue-nav')]</uiobject>
</page>

</Element>
